MOT;THEME
BISCUIT; ALIMENT
CHOCOLAT; ALIMENT
BAGUETTE; ALIMENT
BONBON; ALIMENT
CACAHUÈTE; ALIMENT
CASSOULET; ALIMENT
CROISSANT; ALIMENT
FARINE; ALIMENT
HUMMUS; ALIMENT
KETCHUP; ALIMENT
KOMBUCHA; ALIMENT
LIMONADE; ALIMENT
BOISSON; ALIMENT
CACAO; ALIMENT
COMPOTE; ALIMENT
CROQUETTE; ALIMENT
DAHL; ALIMENT
FARINEUX; ALIMENT
GALETTE; ALIMENT
GUIMAUVE; ALIMENT
AMANDES; ALIMENT
BACON; ALIMENT
BARBECUE; ALIMENT
BEURRE; ALIMENT
BIÈRE; ALIMENT
BOLOGNAISE; ALIMENT
BOUILLON; ALIMENT
BRIOCHE; ALIMENT
CAMEMBERT; ALIMENT
CARAMEL; ALIMENT
CASSEROLE; ALIMENT
CAVIAR; ALIMENT
CÉRÉALES; ALIMENT
CHAPELURE; ALIMENT
CHEESECAKE; ALIMENT
CRÈME; ALIMENT
CROQUANT; ALIMENT
ÉMINCÉ; ALIMENT
FROMAGE; ALIMENT
GELATINE; ALIMENT
GRENADINE; ALIMENT
JAMBON; ALIMENT
LASAGNE; ALIMENT
MAYONNAISE; ALIMENT
MERGUEZ; ALIMENT
MOUSSE; ALIMENT
OMELETTE; ALIMENT
PAIN; ALIMENT
RACLETTE; ALIMENT
YAOURT; ALIMENT
AIGLE; ANIMAL
ANTILOPE; ANIMAL
ARAIGNÉE; ANIMAL
CAMÉLÉON; ANIMAL
CANARD; ANIMAL
CHAMEAU; ANIMAL
CIGOGNE; ANIMAL
COCCINELLE; ANIMAL
DAUPHIN; ANIMAL
ÉCUREUIL; ANIMAL
ESCARGOT; ANIMAL
FOURMI; ANIMAL
GIRAFE; ANIMAL
GRENOUILLE; ANIMAL
HÉRISSON; ANIMAL
INSECTE; ANIMAL
JAGUAR; ANIMAL
KOALA; ANIMAL
LÉOPARD; ANIMAL
LIMACE; ANIMAL
LUCIOLE; ANIMAL
MOUETTE; ANIMAL
ORNITHORYNQUE; ANIMAL
PANDA; ANIMAL
PAPILLON; ANIMAL
PÉLICAN; ANIMAL
ALBATROS; ANIMAL
ARA; ANIMAL
AUTRUCHE; ANIMAL
AXOLOTL; ANIMAL
BALEINE; ANIMAL
BÉLIER; ANIMAL
BISON; ANIMAL
BOUGON; ANIMAL
BOURDON; ANIMAL
BROCHET; ANIMAL
CAFARD; ANIMAL
CALMAR; ANIMAL
CARDINAL; ANIMAL
CARPE; ANIMAL
CASTOR; ANIMAL
CERF; ANIMAL
CHENILLE; ANIMAL
CHEVALIER; ANIMAL
CHOUCAS; ANIMAL
CIGALE; ANIMAL
COLIBRI; ANIMAL
CORBEAU; ANIMAL
CRABE; ANIMAL
CREVETTE; ANIMAL
CROCODILE; ANIMAL
CYGNE; ANIMAL
DAIM; ANIMAL
DINDE; ANIMAL
DINGO; ANIMAL
DODO; ANIMAL
DORADE; ANIMAL
ÉCREVISSE; ANIMAL
ÉLÉPHANT; ANIMAL
ESPADON; ANIMAL
FALCON; ANIMAL
FAUCON; ANIMAL
FLAMANT; ANIMAL
FRELON; ANIMAL
GAZELLE; ANIMAL
GIBBON; ANIMAL
GRIZZLI; ANIMAL
GRUE; ANIMAL
HAMSTER; ANIMAL
HENNISSEMENT; ANIMAL
HIBOU; ANIMAL
HOMARD; ANIMAL
HYÈNE; ANIMAL
IGUANE; ANIMAL
KANGOUROU; ANIMAL
LAMA; ANIMAL
LÉZARD; ANIMAL
LOUP; ANIMAL
LYNX; ANIMAL
AIGRETTE; ANIMAL
ALPAGA; ANIMAL
ANGUILLE; ANIMAL
BABOUIN; ANIMAL
BÉCASSE; ANIMAL
BÉCASSINE; ANIMAL
BOEUF; ANIMAL
CACHALOT; ANIMAL
CANARI; ANIMAL
CAPYBARA; ANIMAL
CARNASSIER; ANIMAL
CATÉGORE; ANIMAL
CHAMOIS; ANIMAL
CHATON; ANIMAL
CHIPMUNK; ANIMAL
CHOUETTE; ANIMAL
CIGALON; ANIMAL
COBAYE; ANIMAL
COBRA; ANIMAL
CORGI; ANIMAL
CORMORAN; ANIMAL
CORNEILLE; ANIMAL
CRAPAUD; ANIMAL
DIPLODOCUS; ANIMAL
DORIPHORUS; ANIMAL
DROMADAIRE; ANIMAL
ÉCREVISSON; ANIMAL
ÉLAN; ANIMAL
ÉPERVIER; ANIMAL
ESCARGOTIN; ANIMAL
ESPADONNIER; ANIMAL
ÉTOURNEAU; ANIMAL
FENNEC; ANIMAL
FROG; ANIMAL
GAMBETTE; ANIMAL
GÉLINOTTE; ANIMAL
GÉOTROUPE; ANIMAL
GOBE-MOUCHE; ANIMAL
GOUJON; ANIMAL
GRILLON; ANIMAL
GRIZZLINA; ANIMAL
GUÊPIER; ANIMAL
COMÈTE; ASTRONOMIE
ÉCLIPSE; ASTRONOMIE
GALAXIE; ASTRONOMIE
MÉTÉORITE; ASTRONOMIE
PLANÈTE; ASTRONOMIE
BORÉALIS; ASTRONOMIE
CÉLESTE; ASTRONOMIE
ÉQUINOXE; ASTRONOMIE
ÉTOILE; ASTRONOMIE
FUSEE; ASTRONOMIE
HALO; ASTRONOMIE
ASTRONEF; ASTRONOMIE
AURORA; ASTRONOMIE
COMÈTE ROUGE; ASTRONOMIE
GALAXITE; ASTRONOMIE
ASTROLABE; ASTRONOMIE
ASTÉROÏDE; ASTRONOMIE
COSMOS; ASTRONOMIE
NEBULEUSE; ASTRONOMIE
SUPERNOVA; ASTRONOMIE
QUASAR; ASTRONOMIE
PULSAR; ASTRONOMIE
ORBITALE; ASTRONOMIE
ASTROPHYSIQUE; ASTRONOMIE
BIG BANG; ASTRONOMIE
CONSTELLATION; ASTRONOMIE
CORONA; ASTRONOMIE
COSMONAUTE; ASTRONOMIE
EXOPLANÈTE; ASTRONOMIE
GALACTIQUE; ASTRONOMIE
GRAVITATION; ASTRONOMIE
HORIZON DES ÉVÉNEMENTS; ASTRONOMIE
INTERSTELLAIRE; ASTRONOMIE
IONOSPHÈRE; ASTRONOMIE
LUNARIS; ASTRONOMIE
MAGNÉTAR; ASTRONOMIE
MASSE NOIRE; ASTRONOMIE
MÉGASTRUCTURE; ASTRONOMIE
NEUTRINO; ASTRONOMIE
ORBITE; ASTRONOMIE
PARALLAXE; ASTRONOMIE
PHOTON; ASTRONOMIE
PLANÉTAIRE; ASTRONOMIE
SATELLITE; ASTRONOMIE
SOLARIS; ASTRONOMIE
SPATIAL; ASTRONOMIE
TÉLESCOPIQUE; ASTRONOMIE
VOIE LACTÉE; ASTRONOMIE
DRAGON; FANTASY
FANTÔME; FANTASY
KRAKEN; FANTASY
LÉGION; FANTASY
LICORNE; FANTASY
ARLEQUIN; FANTASY
DÉMÉTER; FANTASY
DIABLE; FANTASY
DRAGONNET; FANTASY
FARFADDET; FANTASY
GORGONE; FANTASY
ALCHIMISTE; FANTASY
BANSHEE; FANTASY
BARDE; FANTASY
BESTIAIRE; FANTASY
CHAMAN; FANTASY
CHIMÈRE; FANTASY
CONJUREUR; FANTASY
CRISTAL MAGIQUE; FANTASY
DJINN; FANTASY
DRUIDE; FANTASY
ELFE; FANTASY
ENCHANTEUR; FANTASY
ENTITÉ; FANTASY
FÉE; FANTASY
FEU FOLLET; FANTASY
GÉANT; FANTASY
GOLEM; FANTASY
GRIMOIRE; FANTASY
ABRICOT; FRUIT
MANGUE; FRUIT
PAPAYE; FRUIT
POMME; FRUIT
ANANAS; FRUIT
AVOCAT; FRUIT
CERISE; FRUIT
CITRON; FRUIT
COING; FRUIT
FRAMBOISE; FRUIT
GROSEILLE; FRUIT
KAKI; FRUIT
KUMQUAT; FRUIT
LITCHI; FRUIT
APRICOT; FRUIT
CASSIS; FRUIT
CHERIMOYA; FRUIT
CLÉMENTINE; FRUIT
COCONUT; FRUIT
ABRICOT SEC; FRUIT
AIRELLE; FRUIT
AMANDON; FRUIT
BANANE; FRUIT
BERGAMOTE; FRUIT
CANTALOUP; FRUIT
CARAMBOLLE; FRUIT
DATTE; FRUIT
FIGUE; FRUIT
FRAISE; FRUIT
FRUIT DE LA PASSION; FRUIT
GOYAVE; FRUIT
GRENADE; FRUIT
JACKFRUIT; FRUIT
KIWI; FRUIT
LONGANE; FRUIT
MANDARINE; FRUIT
MELON; FRUIT
MIRABELLE; FRUIT
MÛRE; FRUIT
MYRTILLE; FRUIT
NECTARINE; FRUIT
ORANGE; FRUIT
PASTEQUE; FRUIT
PECHE; FRUIT
PERSIMMON; FRUIT
PHYSALIS; FRUIT
POMELO; FRUIT
PRUNE; FRUIT
RAISIN; FRUIT
TAMARIN; FRUIT
ARCHIPEL; GÉOGRAPHIE
CANYON; GÉOGRAPHIE
CRATÈRE; GÉOGRAPHIE
DÉERT; GÉOGRAPHIE
FALAISE; GÉOGRAPHIE
MONTAGNE; GÉOGRAPHIE
OCÉAN; GÉOGRAPHIE
ATOLL; GÉOGRAPHIE
CHENAL; GÉOGRAPHIE
COLLINE; GÉOGRAPHIE
CORNICHE; GÉOGRAPHIE
DUNE; GÉOGRAPHIE
ESTUAIRE; GÉOGRAPHIE
GOUFFRE; GÉOGRAPHIE
ILET; GÉOGRAPHIE
LAC; GÉOGRAPHIE
COTEAU; GÉOGRAPHIE
CRATON; GÉOGRAPHIE
ALTITUDE; GÉOGRAPHIE
ARCHIPELAGOS; GÉOGRAPHIE
BAIE; GÉOGRAPHIE
CAP; GÉOGRAPHIE
CHAÎNE; GÉOGRAPHIE
CONTINENT; GÉOGRAPHIE
DELTA; GÉOGRAPHIE
DÉPRESSION; GÉOGRAPHIE
ÉTANG; GÉOGRAPHIE
FJORD; GÉOGRAPHIE
GOLFE; GÉOGRAPHIE
ISTHME; GÉOGRAPHIE
LITTORAL; GÉOGRAPHIE
MARÉCAGE; GÉOGRAPHIE
MER; GÉOGRAPHIE
MORAINE; GÉOGRAPHIE
PÉNINSULE; GÉOGRAPHIE
PLATEAU; GÉOGRAPHIE
PLAINE; GÉOGRAPHIE
RAVIN; GÉOGRAPHIE
RÉCIF; GÉOGRAPHIE
RIVAGE; GÉOGRAPHIE
RIVIÈRE; GÉOGRAPHIE
STEPPE; GÉOGRAPHIE
TERRITOIRE; GÉOGRAPHIE
TUNDRA; GÉOGRAPHIE
VAL; GÉOGRAPHIE
VALLÉE; GÉOGRAPHIE
ALGORITHME; INFORMATIQUE
CIRCUIT; INFORMATIQUE
CLAVIER; INFORMATIQUE
CONSOLE; INFORMATIQUE
DÉCODEUR; INFORMATIQUE
NAVIGATEUR; INFORMATIQUE
ROBOT; INFORMATIQUE
ANTIVIRUS; INFORMATIQUE
APPLICATION; INFORMATIQUE
ARCHITECTURE; INFORMATIQUE
AUTOMATE; INFORMATIQUE
BASE DE DONNÉES; INFORMATIQUE
BITCOIN; INFORMATIQUE
CARTE GRAPHIQUE; INFORMATIQUE
CHIFFREMENT; INFORMATIQUE
COMPILATEUR; INFORMATIQUE
CYBERSÉCURITÉ; INFORMATIQUE
DÉBOGAGE; INFORMATIQUE
DÉVELOPPEUR; INFORMATIQUE
DOMOTIQUE; INFORMATIQUE
ENCRYPTION; INFORMATIQUE
FIREWALL; INFORMATIQUE
FIRMWARE; INFORMATIQUE
HACKER; INFORMATIQUE
HÉBERGEMENT; INFORMATIQUE
INFORMATIQUE; INFORMATIQUE
INTELLIGENCE; INFORMATIQUE
INTERFACE; INFORMATIQUE
INTERNET; INFORMATIQUE
LAPTOP; INFORMATIQUE
LOGICIEL; INFORMATIQUE
MALWARE; INFORMATIQUE
MICROPROCESSEUR; INFORMATIQUE
MODÉM; INFORMATIQUE
NAVIGATION; INFORMATIQUE
NUMÉRIQUE; INFORMATIQUE
ORDINATEUR; INFORMATIQUE
PARE-FEU; INFORMATIQUE
PÉRIPHÉRIQUE; INFORMATIQUE
PIRATAGE; INFORMATIQUE
PLATEFORME; INFORMATIQUE
PROCESSEUR; INFORMATIQUE
PROGRAMMEUR; INFORMATIQUE
PROTOCOLE; INFORMATIQUE
RÉSEAU; INFORMATIQUE
SERVEUR; INFORMATIQUE
SYSTÈME; INFORMATIQUE
TABLEUR; INFORMATIQUE
VIRUS; INFORMATIQUE
WEBCAM; INFORMATIQUE
APOSTROPHE; LANGUE
ACCENT; LANGUE
ADVERBE; LANGUE
AFFIXE; LANGUE
ALPHABET; LANGUE
ANALOGIE; LANGUE
ANTONYMIE; LANGUE
ARGOT; LANGUE
ARTICLE; LANGUE
ASSONANCE; LANGUE
BARBARISME; LANGUE
CONJUGAISON; LANGUE
CONSONNE; LANGUE
CONTEXTUEL; LANGUE
DECLINAISON; LANGUE
DIACRITIQUE; LANGUE
DIALECTE; LANGUE
DIPHTONGUE; LANGUE
ÉLOCUTION; LANGUE
ÉNONCÉ; LANGUE
ÉPITHÈTE; LANGUE
ÉTYMOLOGIE; LANGUE
EXPRESSION; LANGUE
FIGURATIF; LANGUE
FONÉTIQUE; LANGUE
GRAMMATIQUE; LANGUE
HOMOGRAPHE; LANGUE
HOMONYME; LANGUE
IDIOME; LANGUE
INFÉRENCE; LANGUE
INTERJECTION; LANGUE
LEXIQUE; LANGUE
LINGUISTIQUE; LANGUE
LOCUTION; LANGUE
MÉTAPHORE; LANGUE
MORPHÈME; LANGUE
NÉOLOGISME; LANGUE
ORTHOGRAPHE; LANGUE
PARAGRAPHE; LANGUE
PARONYME; LANGUE
PHONÈME; LANGUE
PRONOM; LANGUE
PROVERBE; LANGUE
SEMANTIQUE; LANGUE
SUBSTANTIF; LANGUE
SYLLABE; LANGUE
CAROTTE; LÉGUME
CITROUILLE; LÉGUME
COURGETTE; LÉGUME
ARTICHAUT; LÉGUME
ASPERGE; LÉGUME
AUBERGINE; LÉGUME
CORNICHON; LÉGUME
CÉLÉRI; LÉGUME
AIL; LÉGUME
BETTERAVE; LÉGUME
BROCOLI; LÉGUME
CHOU; LÉGUME
CHOU-FLEUR; LÉGUME
CHOU-KALE; LÉGUME
CHOU-ROUGE; LÉGUME
CHOUX DE BRUXELLES; LÉGUME
CONCOMBRE; LÉGUME
COURGE; LÉGUME
DAIKON; LÉGUME
ÉPINARD; LÉGUME
ENDIVE; LÉGUME
FENOUIL; LÉGUME
FLAGEOLET; LÉGUME
HARICOT; LÉGUME
IGNAME; LÉGUME
JICAMA; LÉGUME
KALE; LÉGUME
LENTILLE; LÉGUME
MÂCHE; LÉGUME
NAVET; LÉGUME
OIGNON; LÉGUME
PANAIS; LÉGUME
PATATE; LÉGUME
PATATE DOUCE; LÉGUME
PETIT POIS; LÉGUME
POIREAU; LÉGUME
POIS CHICHE; LÉGUME
POIVRON; LÉGUME
POMME DE TERRE; LÉGUME
POTIMARRON; LÉGUME
RADIS; LÉGUME
RATTE; LÉGUME
RUTABAGA; LÉGUME
SALICORNE; LÉGUME
SALSAFI; LÉGUME
TOPINAMBOUR; LÉGUME
TOMATE; LÉGUME
YAM; LÉGUME
ZUCCHINI; LÉGUME
APPARTEMENT; LIEU
BIBLIOTHÈQUE; LIEU
CATHÉDRALE; LIEU
IGLOO; LIEU
JARDIN; LIEU
PÉPINIÈRE; LIEU
PYRAMIDE; LIEU
AEROPORT; LIEU
ALCOVE; LIEU
BERGERIE; LIEU
CABANE; LIEU
DÉDALE; LIEU
DOMAINE; LIEU
FERMIÈRE; LIEU
FONTAINE; LIEU
HACIENDA; LIEU
HIPPODROME; LIEU
IMPRIMERIE; LIEU
ISBA; LIEU
KIOSQUE; LIEU
ALPAGE; LIEU
ATELIER; LIEU
AUBERGE; LIEU
BAMBOUSERAIE; LIEU
BASILIQUE; LIEU
BISCUITERIE; LIEU
CAMPING; LIEU
CARAVANSÉRAIL; LIEU
CASTEL; LIEU
CÉNACLE; LIEU
CHAPITEAU; LIEU
CHÊNAIE; LIEU
CONTRÉE; LIEU
DAUPHINÉ; LIEU
DOLMEN; LIEU
ESTAMINET; LIEU
FOUGERAIE; LIEU
BASSIN; LIEU
AQUEDUC; LIEU
BUNKER; LIEU
CITADELLE; LIEU
COLONNADE; LIEU
CRYPTE; LIEU
DOJO; LIEU
GROTTE; LIEU
MONASTÈRE; LIEU
PORTAIL; LIEU
OBSERVATOIRE; LIEU
ARGENT; MATIÈRE
COTON; MATIÈRE
DENTELLE; MATIÈRE
ESSENCE; MATIÈRE
INDIGO; MATIÈRE
LIGNEUX; MATIÈRE
ARGILE; MATIÈRE
BÉTON; MATIÈRE
BRIQUE; MATIÈRE
CARBONE; MATIÈRE
CHARBON; MATIÈRE
CUIR; MATIÈRE
ÉCORCE; MATIÈRE
FERRAILLE; MATIÈRE
FOIN; MATIÈRE
FONTE; MATIÈRE
GLYCÉRINE; MATIÈRE
GRANIT; MATIÈRE
GRAVIER; MATIÈRE
DIAMANT; MATIÈRE
ACIER; MATIÈRE
ALUMINIUM; MATIÈRE
AMBRE; MATIÈRE
BASALTE; MATIÈRE
BRONZE; MATIÈRE
CALCAIRE; MATIÈRE
CÉRAMIQUE; MATIÈRE
CHALK; MATIÈRE
CUIVRE; MATIÈRE
ÉTAIN; MATIÈRE
FIBRE; MATIÈRE
GAZON; MATIÈRE
GEL; MATIÈRE
GNEISS; MATIÈRE
HÉMORITE; MATIÈRE
IVOIRE; MATIÈRE
JADE; MATIÈRE
LAINE; MATIÈRE
MARBRE; MATIÈRE
MÉTAL; MATIÈRE
NICKEL; MATIÈRE
OBSIDIENNE; MATIÈRE
ONYX; MATIÈRE
PAPIER; MATIÈRE
PLÂTRE; MATIÈRE
PLASTIQUE; MATIÈRE
QUARTZ; MATIÈRE
SABLE; MATIÈRE
SOIE; MATIÈRE
ANTICYCLONE; MÉTÉO
BROUILLARD; MÉTÉO
NUAGE; MÉTÉO
OURAGAN; MÉTÉO
ARC-EN-CIEL; MÉTÉO
BLIZZARD; MÉTÉO
DÉLUGE; MÉTÉO
FLOCON; MÉTÉO
GIVRE; MÉTÉO
HOULE; MÉTÉO
BRUME; MÉTÉO
CIRRUS; MÉTÉO
CYCLONE; MÉTÉO
DÉGEL; MÉTÉO
DILUVIEN; MÉTÉO
BRISE; MÉTÉO
AVERSE; MÉTÉO
CANICULE; MÉTÉO
CHALEUR; MÉTÉO
CRAQUELURE; MÉTÉO
DRACHÉE; MÉTÉO
ÉCLAIR; MÉTÉO
ÉLECTRICITÉ STATIQUE; MÉTÉO
FROID; MÉTÉO
GIBOULÉE; MÉTÉO
GRÊLE; MÉTÉO
HUMIDITÉ; MÉTÉO
LUMIÈRE; MÉTÉO
MISTRAL; MÉTÉO
NEIGE; MÉTÉO
ORAGE; MÉTÉO
PLUIE; MÉTÉO
RAFRAÎCHISSEMENT; MÉTÉO
RAFALE; MÉTÉO
ROSÉE; MÉTÉO
SECOUSSE; MÉTÉO
SOLEIL; MÉTÉO
TEMPÊTE; MÉTÉO
TONNERRE; MÉTÉO
TORNADE; MÉTÉO
TYPHON; MÉTÉO
VENT; MÉTÉO
ZÉPHYR; MÉTÉO
BRUME SÈCHE; MÉTÉO
HARMATTAN; MÉTÉO
GELÉE; MÉTÉO
POLLEN; MÉTÉO
POUSSIÈRE; MÉTÉO
SÉCHERESSE; MÉTÉO
VAPEUR; MÉTÉO
ACROBATE; MÉTIER
AMIRAL; MÉTIER
ARTISAN; MÉTIER
AVENTURIER; MÉTIER
BARYTON; MÉTIER
ÉLAGUEUR; MÉTIER
ÉMOULEUR; MÉTIER
ÉPIERREUR; MÉTIER
ÉQUILIBRISTE; MÉTIER
FAUCONNIER; MÉTIER
ASTRONAUTE; MÉTIER
ARCHITECTE; MÉTIER
ASTRONOME; MÉTIER
BOULANGER; MÉTIER
BRASSEUR; MÉTIER
CAPITAINE; MÉTIER
CHARPENTIER; MÉTIER
CHIRURGIEN; MÉTIER
COUTURIER; MÉTIER
CUISINIER; MÉTIER
DÉTECTIVE; MÉTIER
DOCTEUR; MÉTIER
ÉCRIVAIN; MÉTIER
ÉLECTRICIEN; MÉTIER
ÉTUDIANT; MÉTIER
FACTEUR; MÉTIER
FORGERON; MÉTIER
GARDE; MÉTIER
GÉOLOGUE; MÉTIER
HORTICULTEUR; MÉTIER
INFIRMIER; MÉTIER
INGÉNIEUR; MÉTIER
JARDINIER; MÉTIER
JONGLEUR; MÉTIER
JOURNALISTE; MÉTIER
MAÇON; MÉTIER
MARIN; MÉTIER
MENUISIER; MÉTIER
MUSICIEN; MÉTIER
PÂTISSIER; MÉTIER
PEINTRE; MÉTIER
PHOTOGRAPHE; MÉTIER
PILOTE; MÉTIER
PLOMBIER; MÉTIER
POLICIER; MÉTIER
POMPIER; MÉTIER
PROFESSEUR; MÉTIER
SCULPTEUR; MÉTIER
SERRURIER; MÉTIER
VÉTÉRINAIRE; MÉTIER
AVALANCHE; NATURE
CORAIL; NATURE
FORÊT; NATURE
HORIZON; NATURE
PRAIRIE; NATURE
AMMONITE; NATURE
BANQUISE; NATURE
BRINDILLE; NATURE
COCON; NATURE
DÉSERTIQUE; NATURE
ÉMOUSTILLE; NATURE
FLAMME; NATURE
GALET; NATURE
GÉODE; NATURE
GRAINE; NATURE
INCENDIE; NATURE
JOUVENCE; NATURE
JUNGLE; NATURE
AXONE; NATURE
BASSINAGE; NATURE
CAROTIDIEN; NATURE
CASCADE; NATURE
CHRYSALIDE; NATURE
CLAIRIÈRE; NATURE
DUNE MOBILE; NATURE
ÉCLOSION; NATURE
FLORE; NATURE
GÉODE BLEUE; NATURE
GRAPPE; NATURE
GLACIER; NATURE
SAVANE; NATURE
FOUGÈRE; NATURE
AUBE; NATURE
CIME; NATURE
ÉCORCE TERRESTRE; NATURE
ÉTINCELLE; NATURE
LUEUR; NATURE
MUSCADE; NATURE
NÉBULEUSE TERRESTRE; NATURE
OMBRE; NATURE
ROCHER; NATURE
ANCRE; OBJET
ARMURE; OBJET
BALAI; OBJET
BOUSSOLE; OBJET
CALCULATRICE; OBJET
COFFRE; OBJET
ÉOLIENNE; OBJET
ÉPÉE; OBJET
FENÊTRE; OBJET
GOUVERNAIL; OBJET
LABYRINTHE; OBJET
LANTERNE; OBJET
LIVRE; OBJET
MARTEAU; OBJET
PARACHUTE; OBJET
PHARE; OBJET
PLUMEAU; OBJET
ABAT-JOUR; OBJET
AGRAFEUSE; OBJET
AIGUILLE; OBJET
AMPHORE; OBJET
ANTENNE; OBJET
ARDOISE; OBJET
ARMOIRE; OBJET
BAMBOULA; OBJET
BAROMÈTRE; OBJET
BERCEAU; OBJET
BIBERON; OBJET
BIJOU; OBJET
BOCAL; OBJET
BOUGIE; OBJET
BRACELET; OBJET
BROUETTE; OBJET
BULLE; OBJET
CANNE; OBJET
CAPSULE; OBJET
CARNET; OBJET
CHENET; OBJET
CLOCHETTE; OBJET
COFFRET; OBJET
COMPAS; OBJET
CORDE; OBJET
COURONNE; OBJET
CRAYON; OBJET
DICTIONNAIRE; OBJET
DRAPEAU; OBJET
ÉGOUTTOIR; OBJET
ÉMERAUDE; OBJET
ÉPINGLE; OBJET
ESCALIER; OBJET
FAUTEUIL; OBJET
FLÉCHETTE; OBJET
GOBELET; OBJET
HARPE; OBJET
JARRE; OBJET
JAVELLE; OBJET
KIVIAT; OBJET
LAMPE; OBJET
LINGE; OBJET
LUCARNE; OBJET
ALAMBIC; OBJET
AMÉTHYSTE; OBJET
ANCREUR; OBJET
ARCHE; OBJET
ARMOIRETTE; OBJET
AUTEL; OBJET
AVIRON; OBJET
BAGAGE; OBJET
BAHUT; OBJET
BALISTE; OBJET
BANDEAU; OBJET
BATTERIE; OBJET
BIBERONNE; OBJET
BILLET; OBJET
BLASON; OBJET
BONBONNIÈRE; OBJET
BORNE; OBJET
BOUCHON; OBJET
BOURSE; OBJET
BRASERO; OBJET
BROUILLON; OBJET
CADRAN; OBJET
CAFETIÈRE; OBJET
CALICE; OBJET
CAMÉRA; OBJET
CANAPÉ; OBJET
CANIVEAU; OBJET
CARTABLE; OBJET
CASQUE; OBJET
CERF-VOLANT; OBJET
CHALUMEAU; OBJET
CHANDELIER; OBJET
CHARIOT; OBJET
CHAUDRON; OBJET
CHAUSSURE; OBJET
CHIFFON; OBJET
CLOISON; OBJET
COFFRETIN; OBJET
COHIBA; OBJET
CONQUE; OBJET
CORNET; OBJET
CRISTAL; OBJET
DÉODORANT; OBJET
DIAPASON; OBJET
DIODE; OBJET
DOMINO; OBJET
DRISSE; OBJET
ÉCARTÈRE; OBJET
ÉGIDE; OBJET
ÉLÉGIE; OBJET
ÉLIXIR; OBJET
ÉOLITE; OBJET
ESCARPIN; OBJET
ESSOREUSE; OBJET
FALOURDE; OBJET
FICELLE; OBJET
FILAMENT; OBJET
FLÉAU; OBJET
FLÛTE; OBJET
FUSELAGE; OBJET
GABION; OBJET
GADGET; OBJET
GANGUI; OBJET
GARDE-MANGER; OBJET
GARGOUILLE; OBJET
GIBECIÈRE; OBJET
GOND; OBJET
GOURDE; OBJET
GUITOUNE; OBJET
CHÊNE; PLANTE
BAMBOU; PLANTE
CACTUS; PLANTE
CHAMPIGNON; PLANTE
FLEUR; PLANTE
ORCHIDÉE; PLANTE
RACINE; PLANTE
ROSEAU; PLANTE
ACAJOU; PLANTE
ALGUE; PLANTE
AMARANTE; PLANTE
BASILIC; PLANTE
BONSAÏ; PLANTE
BRUYÈRE; PLANTE
CADE; PLANTE
CHARDON; PLANTE
CONIFÈRE; PLANTE
DAHLIA; PLANTE
DATTIER; PLANTE
ÉDELWEISS; PLANTE
FICUS; PLANTE
GÉRANIUM; PLANTE
GLYCINE; PLANTE
HÉMÉROCALLE; PLANTE
HOUX; PLANTE
HYDRANGEA; PLANTE
IRIS; PLANTE
JACINTHE; PLANTE
JONQUILLE; PLANTE
LOTUS; PLANTE
ABRICOTIER; PLANTE
ARBRE; PLANTE
AROMATE; PLANTE
ASPERGILLUS; PLANTE
AZALÉE; PLANTE
BIGNONE; PLANTE
BLEUET; PLANTE
BOUGAINVILLÉE; PLANTE
BULBILLE; PLANTE
CALENDULA; PLANTE
CAMPANULE; PLANTE
CARDAMOME; PLANTE
CHANTERELLE; PLANTE
CITRONNIER; PLANTE
COLZA; PLANTE
COQUELICOT; PLANTE
CORNOUILLER; PLANTE
COTONNIER; PLANTE
COURGETTIER; PLANTE
ÉDELWEISS NOIR; PLANTE
ÉPICÉA; PLANTE
ÉPILOBE; PLANTE
ÉRABLE; PLANTE
EUPHORBE; PLANTE
FIGUIER; PLANTE
FLAMBOYANT; PLANTE
FRAGON; PLANTE
FRÊNE; PLANTE
FUMETERRE; PLANTE
GÉNÉPI; PLANTE
GIRASOL; PLANTE
GLAND; PLANTE
LAVANDE; PLANTE
BATEAU; TRANSPORT
CARAVANE; TRANSPORT
KAYAK; TRANSPORT
PIROGUE; TRANSPORT
AMBULANCE; TRANSPORT
ARMADA; TRANSPORT
CAMION; TRANSPORT
CARAVELLE; TRANSPORT
CATAMARAN; TRANSPORT
CHALUTIER; TRANSPORT
AÉROGLISSEUR; TRANSPORT
BARQUE; TRANSPORT
CABRIOLET; TRANSPORT
CHAVIRAGE; TRANSPORT
CITADINE; TRANSPORT
CLIPPER; TRANSPORT
DÉRIVEUR; TRANSPORT
DINGHY; TRANSPORT
FRIGATE; TRANSPORT
AVION; TRANSPORT
BALAISE; TRANSPORT
BICYCLETTE; TRANSPORT
BUS; TRANSPORT
CARGO; TRANSPORT
CHENILLETTE; TRANSPORT
DIRIGEABLE; TRANSPORT
DRONE; TRANSPORT
FERRY; TRANSPORT
FIACRE; TRANSPORT
FUNICULAIRE; TRANSPORT
GONDOLA; TRANSPORT
HÉLICOPTÈRE; TRANSPORT
JET; TRANSPORT
LUGE; TRANSPORT
MÉTRO; TRANSPORT
MOBYLETTE; TRANSPORT
MONORAIL; TRANSPORT
MOTONEIGE; TRANSPORT
NAVETTE; TRANSPORT
PAQUEBOT; TRANSPORT
PATIN; TRANSPORT
QUAD; TRANSPORT
RAIL; TRANSPORT
ROULOTTE; TRANSPORT
SCOOTER; TRANSPORT
TÉLÉPHÉRIQUE; TRANSPORT
TRAMWAY; TRANSPORT
TROTTINETTE; TRANSPORT
VOILIER; TRANSPORT
ANORAK; VÊTEMENT
CHASUBLE; VÊTEMENT
COMBINAISON; VÊTEMENT
DÉBARDEUR; VÊTEMENT
BASKET; VÊTEMENT
BÉRET; VÊTEMENT
BLOUSON; VÊTEMENT
BODYSUIT; VÊTEMENT
BONNET; VÊTEMENT
BOTTINE; VÊTEMENT
BRASSIÈRE; VÊTEMENT
CACHEMIRE; VÊTEMENT
CALEÇON; VÊTEMENT
CAPUCHE; VÊTEMENT
CARDIGAN; VÊTEMENT
CASQUETTE; VÊTEMENT
CEINTURE; VÊTEMENT
CHEMISE; VÊTEMENT
CHEMISIER; VÊTEMENT
COLLANT; VÊTEMENT
CRAVATE; VÊTEMENT
DOUDOUNE; VÊTEMENT
ÉCHARPE; VÊTEMENT
ESPADRILLE; VÊTEMENT
GANT; VÊTEMENT
GILET; VÊTEMENT
HOODIE; VÊTEMENT
IMPERMÉABLE; VÊTEMENT
JEAN; VÊTEMENT
JUPE; VÊTEMENT
KIMONO; VÊTEMENT
KILT; VÊTEMENT
LÉGGING; VÊTEMENT
MANTEAU; VÊTEMENT
MOCASSIN; VÊTEMENT
PANTALON; VÊTEMENT
PARKA; VÊTEMENT
PULL; VÊTEMENT
PONCHO; VÊTEMENT
POLO; VÊTEMENT
ROBE; VÊTEMENT
SALOPETTE; VÊTEMENT
SANDALE; VÊTEMENT
SHORT; VÊTEMENT
SLIP; VÊTEMENT
SWEAT; VÊTEMENT
T-SHIRT; VÊTEMENT
TALON; VÊTEMENT
VESTE; VÊTEMENT
VESTON; VÊTEMENT
