Civil;Undercover;Thème
Hippopotame;Crocodile;Animaux
Chien;Loup;Animaux
Chat;Tigre;Animaux
Mouton;Chèvre;Animaux
Poule;Dinde;Animaux
Abeille;Guêpe;Animaux
Souris;Rat;Animaux
Cheval;Âne;Animaux
Dauphin;Requin;Animaux
Panda;Koala;Animaux
Curcuma;Curry;Cuisine
Marmite;Casserole;Cuisine
Riz au lait;Crème brûlée;Cuisine
Fouet;Spatule;Cuisine
Jus;Soda;Cuisine
Pomme;Poire;Cuisine
Bière;Vin;Cuisine
Café;Thé;Cuisine
Pain;Brioche;Cuisine
Beurre;Margarine;Cuisine
Poème;Comptine;Culture
Roman;Nouvelle;Culture
Film;Série;Culture
Peinture;Dessin;Culture
Concert;Spectacle;Culture
Journal;Magazine;Culture
Conte;Fable;Culture
Bibliothèque;Librairie;Culture
Théâtre;Cinéma;Culture
Auteur;Écrivain;Culture
Ruisseau;Brasserie;Lieux
Plage;Piscine;Lieux
Forêt;Jungle;Lieux
Village;Ville;Lieux
Hôtel;Auberge;Lieux
Gare;Métro;Lieux
Montagne;Colline;Lieux
Parc;Jardin;Lieux
Désert;Savane;Lieux
Île;Archipel;Lieux
Balai;Aspirateur;Maison
Tapis;Moquette;Maison
Tiroir;Panier;Maison
Chaise;Tabouret;Maison
Lit;Canapé;Maison
Fenêtre;Porte;Maison
Lampe;Bougie;Maison
Rideau;Store;Maison
Placard;Armoire;Maison
Oreiller;Coussin;Maison
Piano;Guitare;Musique
Batterie;Tambour;Musique
Flûte;Clarinette;Musique
Violon;Alto;Musique
Micro;Enceinte;Musique
Chanson;Mélodie;Musique
DJ;Producteur;Musique
Opéra;Ballet;Musique
Harmonica;Ukulélé;Musique
Rap;Pop;Musique
Ruisseau;Lac;Nature
Été;Printemps;Nature
Mer;Océan;Nature
Arbre;Buisson;Nature
Neige;Pluie;Nature
Soleil;Lune;Nature
Fleur;Feuille;Nature
Vent;Brise;Nature
Roche;Caillou;Nature
Prairie;Champ;Nature
Ampoule;Interrupteur;Électricité
Fusible;Câble;Électricité
Prise;Multiprise;Électricité
Batterie;Chargeur;Électricité
Télécommande;Pile;Électricité
Transformateur;Adaptateur;Électricité
Disjoncteur;Compteur;Électricité
Lampe LED;Néon;Électricité
Circuit;Résistance;Électricité
Sonnette;Alarme;Électricité
Informatique;Réseaux sociaux;Numérique
Email;Message;Numérique
Clavier;Souris;Numérique
Smartphone;Tablette;Numérique
Wi-Fi;Bluetooth;Numérique
Site web;Application;Numérique
Cloud;Serveur;Numérique
Podcast;Vidéo;Numérique
Fichier;Dossier;Numérique
Profil;Avatar;Numérique
Voiture;Moto;Transport
Bus;Vélo;Transport
Train;Tramway;Transport
Avion;Hélicoptère;Transport
Bateau;Voilier;Transport
Taxi;Uber;Transport
Camion;Fourgonnette;Transport
Trottinette;Skateboard;Transport
Métro;RER;Transport
Fusée;Navette;Transport
Football;Rugby;Sport
Tennis;Badminton;Sport
Boxe;Karaté;Sport
Natation;Plongée;Sport
Cyclisme;BMX;Sport
Golf;Minigolf;Sport
Ski;Snowboard;Sport
Course;Marche;Sport
Volley;Handball;Sport
Escrime;Fencing;Sport
Médecin;Infirmier;Métiers
Pompier;Policier;Métiers
Professeur;Directeur;Métiers
Boulanger;Pâtissier;Métiers
Pilote;Copilote;Métiers
Chauffeur;Livreur;Métiers
Architecte;Ingénieur;Métiers
Avocat;Notaire;Métiers
Coiffeur;Barbier;Métiers
Serveur;Caissier;Métiers
T-shirt;Débardeur;Vêtements
Pantalon;Jean;Vêtements
Manteau;Veste;Vêtements
Chaussure;Basket;Vêtements
Casquette;Bonnet;Vêtements
Robe;Jupe;Vêtements
Pull;Sweat;Vêtements
Chaussette;Bas;Vêtements
Cravate;Nœud papillon;Vêtements
Pyjama;Peignoir;Vêtements
France;Belgique;Pays
Espagne;Portugal;Pays
Italie;Grèce;Pays
Allemagne;Autriche;Pays
Canada;États-Unis;Pays
Brésil;Argentine;Pays
Japon;Corée;Pays
Chine;Taïwan;Pays
Égypte;Maroc;Pays
Australie;Nouvelle-Zélande;Pays
Paris;Lyon;Villes
Marseille;Nice;Villes
Londres;Manchester;Villes
New York;Chicago;Villes
Tokyo;Osaka;Villes
Madrid;Barcelone;Villes
Rome;Milan;Villes
Berlin;Hambourg;Villes
Sydney;Melbourne;Villes
Dubaï;Abu Dhabi;Villes
Nike;Adidas;Marques
Apple;Samsung;Marques
Coca-Cola;Pepsi;Marques
McDonald's;Burger King;Marques
IKEA;Conforama;Marques
Google;Microsoft;Marques
Toyota;Honda;Marques
Louis Vuitton;Gucci;Marques
PlayStation;Xbox;Marques
Netflix;Disney;Marques
Brad Pitt;Leonardo DiCaprio;Célébrités
Beyoncé;Rihanna;Célébrités
Tom Cruise;Keanu Reeves;Célébrités
Angelina Jolie;Scarlett Johansson;Célébrités
Drake;The Weeknd;Célébrités
Zidane;Mbappé;Célébrités
Ariana Grande;Selena Gomez;Célébrités
Will Smith;Denzel Washington;Célébrités
Shakira;Jennifer Lopez;Célébrités
Ed Sheeran;Justin Bieber;Célébrités
